nmod:to,6,"or provide accompaniment to casual singing , it is ideally suited","listening to a peasant boy singing , he had felt a","view of the mermaids , singing indeed to him , though","Minami wished to return to singing , if only on a",not understand what they are singing to him .,"all areas -- movement , singing , instrumental study , and"
nmod:between,2,"between drums , dancing , singing , and people .",This connection between the trees singing and judgment is also found
nmod:into,2,"were celebrating and dancing , singing the children through each step","especially in Japan , where singing into a microphone has become"
nmod:than,1,low-pitched and slower than praise singing .
nmod:from,7,the gewe'l praise singing and from ordinary conversation .,and that cicadas were singing from the lignum vitae tree,It 's not from sirens singing nor from human voices waking,"For example , is singing from memory an assessment dimension",impairment would realize they were singing off pitch through feedback from,impairment would realize they were singing off pitch through feedback from,impairment would realize they were singing off pitch through feedback from
nmod:in,36,"torchlight parades , and step singing in the evenings , with",to my pleasure in the singing and dancing .,Clauses and one thousand elves singing in unison .,( 4 ) Teach singing in the general music class,opportunity to interest students in singing .,"considerable evidence exists of carol singing in medieval England , the",<p> The carol singing in South Yorkshire may be,"Derbyshire Peak , will be singing their local carols .","Derbyshire Peak , will be singing their local carols .","<p> Meanwhile , the singing in the taproom has restarted",What is a training in singing or strategy or business management,no otherwise employed than by singing in the choir .,and that of a robot singing in the shower ( realized,How can he participate in singing ?,to the demise of choral singing in elementary school music programs,2 Choral singing in American music education is,"the past thirty years , singing in choirs was an exclusive","seems , then , that singing in a choir gives children","to the psychological benefits of singing in a choir , research","In choral singing , the musical challenge is","Similarly , in choral singing as music education , cognitive","<p> In choral singing , instruction develops contextually from",some of their group are singing in unison and some are,get children fully involved in singing : A song sung half-heartedly,to make changes in their singing can not do it alone,: by youths in the singing that marks the end of,", of robins and bluebirds singing in the early morning ,",he lay in his bed singing softly .,"evident in the composition and singing of a "" hymn to",would develop improvisational skills in singing as well as reinforce the,"students to create melodies in singing , for example , by","such syllables in movement , singing , and notation .","practice , guided experience in singing is easily followed with notational","generate sounds , as in singing , and it has also",engaged in rote or traditional singing and accompanied by the karaoke,"sets , language , and singing ."
nmod:of,21,"torchlight parades , and step singing in the evenings , with",the backdrop of the drunken singing of collegians on the way,the backdrop of the drunken singing of collegians on the way,"In the process of teaching singing and dancing , Charlie Joseph",Through the singing of the psalms -- musical,colloquial tradition of Christmas singing survives in the pubs of South,"considerable evidence exists of carol singing in medieval England , the",new arrivals might use the singing of established birds to locate,and that of a robot singing in the shower ( realized,<p> The foundation of epic singing is laid unconsciously when the,working in the areas of singing and movement with my elementary,to the demise of choral singing in elementary school music programs,The overall aim of choral singing as music education is to,The principles of choral singing as music education are demonstrated,to the aims of choral singing as music education .,raise the general level of singing .,""" real kids ' "" singing is strident and out of",Frequent singing of a selected repertoire of,"of much social life , singing , and communal cohesion .",The sounds of singing or of instrument playing are,"should be "" teachers of singing , "" not just """
nmod:by_means_of,1,"recorder , keyboard , and singing ."
cc:preconj,1,the gewe'l praise singing and from ordinary conversation .
nmod:tmod,3,"Britain still go out carol singing formally every year , but",infectious ; soon everyone is singing and dancing with the procession,One night he was singing : he made Indian doctor
ccomp,19,"that when an individual stops singing , dancing , being enchanted",into the world is through singing .,If I heard drumming and singing out there I would stumble,"and directed the dancing , singing , and drumming .","Derbyshire Peak , will be singing their local carols .","cloth , reminiscing and softly singing , and sharing their meal","visual skills ) may be singing only , others ( perhaps",some of their group are singing in unison and some are,impairment would realize they were singing off pitch through feedback from,a rock rhythm section and singing about romantic love .,", you 're out there singing it .",not understand what they are singing to him .,"in its own way -- singing its own song , and","their hands , groaning , singing , or praising .",They prayed by singing the fast-paced peyote songs accompanied,"the same activity , often singing , dancing , or conversing",whether they are clapping or singing patterns that are the same,", whether in moving , singing , playing instruments , reading",me what I am actually singing rather than their visual or
nmod:through,6,Through the singing of the psalms -- musical,"aurally and visually , through singing , playing instruments , movement",to demonstrate their knowledge through singing .,impairment would realize they were singing off pitch through feedback from,"were celebrating and dancing , singing the children through each step",already studied through movement and singing .
nsubjpass,3,"They commenced always with singing , which quickly attracted a",This singing is performed at rites of,2 Choral singing in American music education is
nmod:with,13,"that when an individual stops singing , dancing , being enchanted",", drumming , and praise singing .","speakers , interspersed with praise singing .",college students prepare passages by singing along with the recorded solos,"They commenced always with singing , which quickly attracted a",infectious ; soon everyone is singing and dancing with the procession,"skinny , disheveled roosters , singing together all at once with",A wonderful added benefit of singing with this feeling of height,had unfavorable past experiences with singing .,"by participating in games , singing with the stars , or",Dancing the Gourd Dance or singing with the drum is a,"Often they drink with singing , dancing , and lively",the animals with his graceful singing .
csubj,2,Dancing the Gourd Dance or singing with the drum is a,"especially in Japan , where singing into a microphone has become"
nmod:below,1,"or her voice , often singing about a fourth below the"
amod,37,"nothing happens , no crazies singing , no beggars , everyone",moments set aside for congregational singing or responsive reading .,"indigenous law and seeing traditional singing and dancing decline further ,",the gewe'l praise singing and from ordinary conversation .,"or provide accompaniment to casual singing , it is ideally suited","is designed to encourage public singing , one of the key","considerable evidence exists of carol singing in medieval England , the",<p> The carol singing in South Yorkshire may be,"poem of 1946 , aqueous singing brings not women whom the",It 's not from sirens singing nor from human voices waking,"given comments like "" nice singing "" or "" you 've",Rao looks at choral singing as an opportunity for elementary students,and the opportunity for choral singing have been lost to an,to the demise of choral singing in elementary school music programs,optimal experience suggests that choral singing as a source of knowledge,The overall aim of choral singing as music education is to,"In choral singing , the musical challenge is",The principles of choral singing as music education are demonstrated,"Similarly , in choral singing as music education , cognitive","<p> In choral singing , instruction develops contextually from",to the aims of choral singing as music education .,we will again view choral singing as something worth doing for,can help children avoid inaccurate singing and listen more keenly by,replace the need for actual singing .,Frequent singing of a selected repertoire of,days was some occasional classroom singing .,"Malibu hills , and gentle singing .",included Zionist speakers and Israeli singing and dancing in Neighborhood Centre,"first day , featuring German singing societies and a dazzling exhibition","shouting , laughter , public singing , quarreling , and fighting",", rhythmic study , proper singing habits and tone production ,",if not downright happy ) singing with professional accompaniments .,engaged in rote or traditional singing and accompanied by the karaoke,engaged in rote or traditional singing and accompanied by the karaoke,or the students ' own singing can serve as a source,"I requested specific singing ' ranges , specific rhythms",the animals with his graceful singing .
advcl:from,1,"distinguished from , say , singing and dancing ) , if"
nmod:before,1,and a final stage of singing before a critical audience.
nmod:during,1,"Ambulante soy , they are singing about us . """
neg,3,"nothing happens , no crazies singing , no beggars , everyone",also that they are not singing alone .,"Additionally , by not singing , teachers will be able"
advcl:to,1,less than year-old babies ... singing merrily some baby song to
mark,38,the class time and in singing for the remainder ; students,"melody should be developed through singing , playing , and writing",college students prepare passages by singing along with the recorded solos,could hear the sound of singing and drumming back there .,"of their revelry , of singing their hymn , of voicing",and that cicadas were singing from the lignum vitae tree,"Derbyshire Peak , will be singing their local carols .",and the U.S. government all singing the same tune -- the,also that they are not singing alone .,"of "" Spain "" by singing , dancing , eating ,","and a circle time for singing songs , reading stories ,",In singing or playing a familiar tune,"the body , as when singing or clapping , or with",and a final stage of singing before a critical audience.,", the males keep on singing as if they believe the",Poets repaid this generosity by singing the praise of their benefactors,"to the psychological benefits of singing in a choir , research",to demonstrate their answers by singing rather than speaking .,and how to distinguish between singing and speaking .,how to take time from singing to reflect and think about,some of their group are singing in unison and some are,the extra energy required for singing higher pitches .,tuning up a class before singing a song : This involved,the pitch more accurately than singing a syllable or word .,A wonderful added benefit of singing with this feeling of height,"<p> While singing , the choir must concentrate",the opportunities to perform in singing and dancing and to to,"again and again , loudly singing old camp songs we remember",cure is then wrought by singing a curing about the relevant,occurred while the congregation was singing .,their Jewish community centers by singing Zionist anthems and hanging Zionist,They prayed by singing the fast-paced peyote songs accompanied,Vocal independence is gained by singing a cappella or with recorder,"Additionally , by not singing , teachers will be able",compared to the difference between singing and speaking voices .,television audience of thousands in singing American folk songs a cappella,invest all their technique in singing or playing occupy only one,audience has the possibility of singing absolutely wonderfully when their ears
cc,50,to my pleasure in the singing and dancing .,"four universal healing salves : singing , dancing , storytelling ,","distinguished from , say , singing and dancing ) , if",moments set aside for congregational singing or responsive reading .,"arts , as well as singing and dancing have experienced a","In the process of teaching singing and dancing , Charlie Joseph",summer nights one can hear singing and subdued conversation until the,"melody should be developed through singing , playing , and writing",college students prepare passages by singing along with the recorded solos,have been forced to stop singing or playing their instrument had,"musical skill development ( including singing , instrument playing , and",could hear the sound of singing and drumming back there .,"and directed the dancing , singing , and drumming .",What is a training in singing or strategy or business management,What is a training in singing or strategy or business management,"They commenced always with singing , which quickly attracted a","of "" Spain "" by singing , dancing , eating ,","and a circle time for singing songs , reading stories ,",In singing or playing a familiar tune,"the body , as when singing or clapping , or with","the body , as when singing or clapping , or with","free and rhythmic movements , singing and vocal experimentation , instrumental","in any way possible : singing , tapping a rhythm pattern",working in the areas of singing and movement with my elementary,"aurally and visually , through singing , playing instruments , movement","aurally and visually , through singing , playing instruments , movement",infectious ; soon everyone is singing and dancing with the procession,"International financial officials were singing Latin America 's praises ,",to demonstrate their answers by singing rather than speaking .,and how to distinguish between singing and speaking .,"of music performance , including singing and decision making .",some of their group are singing in unison and some are,the people closest to them singing and enjoying it in order,Especially helpful is singing the individual phrases of each,"with special education prekindergartners ; singing , tapping beats on tambourines",the opportunities to perform in singing and dancing and to to,the opportunities to perform in singing and dancing and to to,", the community participates in singing and trance-dancing ceremonies , working",This connection between the trees singing and judgment is also found,does this language about trees singing praise and clapping their hands,included Zionist speakers and Israeli singing and dancing in Neighborhood Centre,"activities such as religion , singing , dancing , and art",heard just like somebody 's singing or something .,"There is singing , laughing , camaraderie ,","the same activity , often singing , dancing , or conversing","Often they drink with singing , dancing , and lively",Vocal independence is gained by singing a cappella or with recorder,"is the development of the singing or head voice , which",compared to the difference between singing and speaking voices .,invest all their technique in singing or playing occupy only one
discourse,1,"distinguished from , say , singing and dancing ) , if"
nmod:as,6,Rao looks at choral singing as an opportunity for elementary students,", even denied , choral singing as an integral and foundational",optimal experience suggests that choral singing as a source of knowledge,The principles of choral singing as music education are demonstrated,"Similarly , in choral singing as music education , cognitive",to the aims of choral singing as music education .
nmod:by,4,"Derbyshire Peak , will be singing their local carols .",no otherwise employed than by singing in the choir .,"Malibu hills , and gentle singing .",hearing by the students ' singing -- they should enter on
nmod:without,1,In singing or playing a familiar tune
advcl,33,"melody should be developed through singing , playing , and writing",college students prepare passages by singing along with the recorded solos,"the town , dancing and singing the praises of the family",and the U.S. government all singing the same tune -- the,"view of the mermaids , singing indeed to him , though","of "" Spain "" by singing , dancing , eating ,","and a circle time for singing songs , reading stories ,",In singing or playing a familiar tune,"describe the sensation experienced when singing different pitches ) , then",", the males keep on singing as if they believe the",", the males keep on singing as if they believe the",Poets repaid this generosity by singing the praise of their benefactors,to demonstrate their answers by singing rather than speaking .,and how to distinguish between singing and speaking .,how to take time from singing to reflect and think about,"or her voice , often singing about a fourth below the",the extra energy required for singing higher pitches .,tuning up a class before singing a song : This involved,the pitch more accurately than singing a syllable or word .,"<p> While singing , the choir must concentrate","by participating in games , singing with the stars , or",the musicians with clapping and singing .,"again and again , loudly singing old camp songs we remember",cure is then wrought by singing a curing about the relevant,occurred while the congregation was singing .,their Jewish community centers by singing Zionist anthems and hanging Zionist,They prayed by singing the fast-paced peyote songs accompanied,"in celebration by dancing , singing , feasting , playing games","Additionally , by not singing , teachers will be able",use their voices correctly when singing louder and not shout or,television audience of thousands in singing American folk songs a cappella,invest all their technique in singing or playing occupy only one,"skills such as movement , singing , listening , creating ,"
aux,22,"Ambulante soy , they are singing about us . """,and that cicadas were singing from the lignum vitae tree,"Derbyshire Peak , will be singing their local carols .","Derbyshire Peak , will be singing their local carols .",also that they are not singing alone .,accompaniment and others who are singing .,"For example , is singing from memory an assessment dimension","visual skills ) may be singing only , others ( perhaps","visual skills ) may be singing only , others ( perhaps",quartet of African Americans were singing that ersatz African tune of,infectious ; soon everyone is singing and dancing with the procession,"International financial officials were singing Latin America 's praises ,",their knowledge -- they are singing their understanding .,some of their group are singing in unison and some are,Especially helpful is singing the individual phrases of each,impairment would realize they were singing off pitch through feedback from,the birds which are idly singing round us mostly live on,", you 're out there singing it .",not understand what they are singing to him .,occurred while the congregation was singing .,One night he was singing : he made Indian doctor,me what I am actually singing rather than their visual or
nmod:about,3,"Ambulante soy , they are singing about us . """,a rock rhythm section and singing about romantic love .,cure is then wrought by singing a curing about the relevant
ref,2,"They commenced always with singing , which quickly attracted a",: by youths in the singing that marks the end of
parataxis,9,"Ambulante soy , they are singing about us . ""","Ambulante soy , they are singing about us . ""","in any way possible : singing , tapping a rhythm pattern",quartet of African Americans were singing that ersatz African tune of,infectious ; soon everyone is singing and dancing with the procession,their knowledge -- they are singing their understanding .,days was some occasional classroom singing .,"with special education prekindergartners ; singing , tapping beats on tambourines",One night he was singing : he made Indian doctor
xcomp,17,"a group of Cubans started singing a popular song , """,and old men 's homes singing the following doggerel .,<p> We had just finished singing at the state choral festival,have been forced to stop singing or playing their instrument had,we could hear drumming and singing from the peristyle of a,"Britain still go out carol singing formally every year , but","stirred at his cavalry troops singing "" Kathleen Mavorneen , the","when they do n't perceive singing as a "" macho ""","'s youth , who stood singing under that dripping tree .",head of the Onondaga council singing the condoling song which contained,", even denied , choral singing as an integral and foundational",how to take time from singing to reflect and think about,how to take time from singing to reflect and think about,the people closest to them singing and enjoying it in order,duos alternate solo and duet singing to perform songs dealing mostly,television audience of thousands in singing American folk songs a cappella,if not downright happy ) singing with professional accompaniments .
nsubj,60,The music and the singing held us ; the dancing,into the world is through singing .,14 <p> Minstrel singing was an integral part of,"arts , as well as singing and dancing have experienced a","Ambulante soy , they are singing about us . ""","Of course the drumming and singing went on , so George",and that cicadas were singing from the lignum vitae tree,Hymn singing at that time had to,Hymn singing at that time had to,<p> The carol singing in South Yorkshire may be,"<p> Meanwhile , the singing in the taproom has restarted",and the U.S. government all singing the same tune -- the,and the U.S. government all singing the same tune -- the,and the U.S. government all singing the same tune -- the,also that they are not singing alone .,"poem of 1946 , aqueous singing brings not women whom the","They commenced always with singing , which quickly attracted a",and the nightly clapping and singing in the neighborhoods was symptomatic,accompaniment and others who are singing .,"For example , is singing from memory an assessment dimension",perception by many boys that singing is an unmasculine activity .,"visual skills ) may be singing only , others ( perhaps",quartet of African Americans were singing that ersatz African tune of,"Johnson and his guitar-playing subalterns singing a rasta version of """,infectious ; soon everyone is singing and dancing with the procession,"skinny , disheveled roosters , singing together all at once with","skinny , disheveled roosters , singing together all at once with","skinny , disheveled roosters , singing together all at once with","skinny , disheveled roosters , singing together all at once with","skinny , disheveled roosters , singing together all at once with","skinny , disheveled roosters , singing together all at once with","International financial officials were singing Latin America 's praises ,","the past thirty years , singing in choirs was an exclusive",optimal experience suggests that choral singing as a source of knowledge,"seems , then , that singing in a choir gives children",their knowledge -- they are singing their understanding .,<p> Choral singing must return to heart of,The teacher must demonstrate that singing can be fun and must,The teacher must demonstrate that singing can be fun and must,some of their group are singing in unison and some are,the people closest to them singing and enjoying it in order,those that need it : singing an ostinato figure or a,Frequent singing of a selected repertoire of,Especially helpful is singing the individual phrases of each,impairment would realize they were singing off pitch through feedback from,days was some occasional classroom singing .,: by youths in the singing that marks the end of,the birds which are idly singing round us mostly live on,", you 're out there singing it .",not understand what they are singing to him .,"their hands , groaning , singing , or praising .",occurred while the congregation was singing .,One night he was singing : he made Indian doctor,"There is singing , laughing , camaraderie ,","3 Because students ' singing will fluctuate , they need",whether they are clapping or singing patterns that are the same,me what I am actually singing rather than their visual or,or the students ' own singing can serve as a source,", musical conducting , and singing use the body directly ,","The music , singing and dancing in Tavernas goes"
nmod:for,8,the class time and in singing for the remainder ; students,"to be a catalyst for singing , so students should be","becomes "" energized "" for singing .","For example , is singing from memory an assessment dimension",and the opportunity for choral singing have been lost to an,use in seating children for singing : We can place more,replace the need for actual singing .,"receive no reinforcement for their singing , it will not seem"
nummod,3,14 <p> Minstrel singing was an integral part of,students cover one ear while singing .,2 Choral singing in American music education is
advmod,25,"experiment with a song , singing it very slowly , then",If I heard drumming and singing out there I would stumble,"Britain still go out carol singing formally every year , but","cloth , reminiscing and softly singing , and sharing their meal",and the U.S. government all singing the same tune -- the,also that they are not singing alone .,also that they are not singing alone .,"view of the mermaids , singing indeed to him , though","the body , as when singing or clapping , or with","describe the sensation experienced when singing different pitches ) , then","visual skills ) may be singing only , others ( perhaps",infectious ; soon everyone is singing and dancing with the procession,less than year-old babies ... singing merrily some baby song to,"skinny , disheveled roosters , singing together all at once with",", even denied , choral singing as an integral and foundational","<p> In choral singing , instruction develops contextually from","or her voice , often singing about a fourth below the",days was some occasional classroom singing .,the birds which are idly singing round us mostly live on,"of Thomas Aquinas , then singing some of his songs .",", you 're out there singing it .","the same activity , often singing , dancing , or conversing",use their voices correctly when singing louder and not shout or,use their voices correctly when singing louder and not shout or,me what I am actually singing rather than their visual or
nmod:throughout,1,good breath control throughout their singing ranges ( assessment dimensions )
nmod:under,1,"'s youth , who stood singing under that dripping tree ."
compound,93,"torchlight parades , and step singing in the evenings , with",the backdrop of the drunken singing of collegians on the way,14 <p> Minstrel singing was an integral part of,14 <p> Minstrel singing was an integral part of,"In the process of teaching singing and dancing , Charlie Joseph",summer nights one can hear singing and subdued conversation until the,", drumming , and praise singing .","speakers , interspersed with praise singing .","fGr their praise singing while , at the same time ,",the gewe'l praise singing and from ordinary conversation .,low-pitched and slower than praise singing .,to use his or her singing voice .,choir rehearsals consist of mindlessly singing songs by rote -- then,"piece for listening purposes , singing themes or patterns can enhance",If singing skill fails to increase with,"songs , lullabies , and singing games .",( 4 ) Teach singing in the general music class,"recognizing educators for encouraging student singing , is among several programs",", ear training and sight singing , analysis , music methods","listening to a peasant boy singing , he had felt a","listening to a peasant boy singing , he had felt a",colloquial tradition of Christmas singing survives in the pubs of South,Naturally they started singing carols .,"poem of 1946 , aqueous singing brings not women whom the","-- sometimes spending hours in singing hymns , and earnest religious","teachers -- during your group singing activities , do you really",students cover one ear while singing .,students cover one ear while singing .,"good breath control throughout their singing ranges , alone and in",and that of a robot singing in the shower ( realized,"free and rhythmic movements , singing and vocal experimentation , instrumental",<p> The foundation of epic singing is laid unconsciously when the,the Conference to promote community singing as a worthy endeavor for,is there always a secret singing <p> When a lawyer cashes,"date from the early "" singing school "" of the eighteenth",2 Choral singing in American music education is,"of music performance , including singing and decision making .","to produce music with the singing voice , practice musicianship ,",<p> Choral singing must return to heart of,<p> Choral singing must return to heart of,<p> The second requirement for singing success is that we remove,that may create a negative singing self-concept and reduce the prospects,"a much better chance of singing expressively , and also will",", arpeggios , etudes ; singing intervals , passages from ensemble",", and clarity in a singing tone .",to concentrate on producing the singing tone with the same frontal,and regular students sign while singing and play keyboard duets together,be used to accompany class singing and to create instrumental improvisations,bass lines to accompany class singing .,days was some occasional classroom singing .,Class members respond to the singing component with a variety of,"Paulo their harsh-sounding voices , singing epics and improvising musical duels","rural life ( such as singing folk songs while farming ,",musicians often get away with singing statements that would not otherwise,"When Petan heard Casimiro singing on the radio , he","described her as "" a singing angel -- an angel with",he lay in his bed singing softly .,The idea of a singing skull resonates further if we,", the community participates in singing and trance-dancing ceremonies , working",This connection between the trees singing and judgment is also found,"was true not only of singing societies , orchestras and parochial","units , formal balls , singing societies , and fraternal and","Mannerchor ( the oldest German singing society in America ) ,","gardens , celebrations , and singing festivals , and they fostered","menstruants from the group , singing songs which were then remembered",Fuente ) that featured the singing charro.,"established Negrete as the quintessential singing charro , filmmaker Alejandro Galindo",The ayuntamiento usually permitted carnival singing by turning a blind eye,"shouting , laughter , public singing , quarreling , and fighting",shapes and colors with a singing game .,"Kindergarten children are developing their singing voices , learning to distinguish",A singing game for teaching shapes and,"( beginning improvisation , solo singing , and pitch matching )","songs , chants , and singing games .","feeling for musical style by singing marches , lullabies , action","is the development of the singing or head voice , which",that students can find their singing voices -- making the distinction,produce sustained tones in their singing voices .,"Initially , use of the singing voice will be inconsistent ;",for students to use their singing voices consistently before teachers focus,: wavers between speaking and singing voices ; uses a limited,Initial-range Singer : uses beginning singing range ( D4-A4 ) .,listen for the type of singing voice -- not the accuracy,"a complex skill involving the singing voice , aural perception ,",This can occur during singing games and song verses or,"are "" you use your singing voice very well , but",be in the child 's singing range ( C 4 -C,"patting the beat while "" singing silently . ""","patting the beat while "" singing silently . """,starting pitch and signals for singing audibly or internally .,"The traditional singing situation requires sheet music ,","for their services , whether singing , dancing , or fortune-telling",to cause sex-specific masculinization of singing behavior .
conj:or,29,moments set aside for congregational singing or responsive reading .,have been forced to stop singing or playing their instrument had,What is a training in singing or strategy or business management,What is a training in singing or strategy or business management,In singing or playing a familiar tune,"the body , as when singing or clapping , or with","the body , as when singing or clapping , or with","aurally and visually , through singing , playing instruments , movement","aurally and visually , through singing , playing instruments , movement","aurally and visually , through singing , playing instruments , movement","matching , or hearing and singing a unison .",Especially helpful is singing the individual phrases of each,percussion instruments and speaking or singing .,"by participating in games , singing with the stars , or","in drawing , painting , singing , or moving .",( playing an instrument or singing ) .,"their hands , groaning , singing , or praising .",Dancing the Gourd Dance or singing with the drum is a,heard just like somebody 's singing or something .,"the same activity , often singing , dancing , or conversing","the same activity , often singing , dancing , or conversing",will influence their playing or singing .,Vocal independence is gained by singing a cappella or with recorder,Vocal independence is gained by singing a cappella or with recorder,"is the development of the singing or head voice , which",whether they are clapping or singing patterns that are the same,", whether in moving , singing , playing instruments , reading",invest all their technique in singing or playing occupy only one,process of studying piano or singing with a chorus involves listening
nmod:toward,2,have a negative attitude toward singing .,boys ' negative attitudes toward singing .
compound:prt,6,college students prepare passages by singing along with the recorded solos,If I heard drumming and singing out there I would stumble,"and the child singing back "" My name is","skinny , disheveled roosters , singing together all at once with",impairment would realize they were singing off pitch through feedback from,a crowd of four hundred singing along .
nmod:poss,16,"fGr their praise singing while , at the same time ,",the gewe'l praise singing and from ordinary conversation .,good breath control throughout their singing ranges ( assessment dimensions ),""" real kids ' "" singing is strident and out of","receive no reinforcement for their singing , it will not seem",to make changes in their singing can not do it alone,"any one particular student 's singing , all will begin to",he lay in his bed singing softly .,television crew will film her singing a hymn in church .,heard just like somebody 's singing or something .,"3 Because students ' singing will fluctuate , they need",hearing by the students ' singing -- they should enter on,or the students ' own singing can serve as a source,"I requested specific singing ' ranges , specific rhythms","Monsieur Arthur interrupts his singing , in English , of",the animals with his graceful singing .
conj:negcc,1,to demonstrate their answers by singing rather than speaking .
case,70,the backdrop of the drunken singing of collegians on the way,to my pleasure in the singing and dancing .,into the world is through singing .,"distinguished from , say , singing and dancing ) , if","In the process of teaching singing and dancing , Charlie Joseph","speakers , interspersed with praise singing .",the gewe'l praise singing and from ordinary conversation .,low-pitched and slower than praise singing .,"After preparatory experiences , including singing , moving , and/or playing","or provide accompaniment to casual singing , it is ideally suited","to be a catalyst for singing , so students should be",opportunity to interest students in singing .,"musical skill development ( including singing , instrument playing , and",Through the singing of the psalms -- musical,"listening to a peasant boy singing , he had felt a",colloquial tradition of Christmas singing survives in the pubs of South,"considerable evidence exists of carol singing in medieval England , the",What is a training in singing or strategy or business management,It 's not from sirens singing nor from human voices waking,"They commenced always with singing , which quickly attracted a","Minami wished to return to singing , if only on a",no otherwise employed than by singing in the choir .,no otherwise employed than by singing in the choir .,at the keyboard or in singing but can not verbally label,"becomes "" energized "" for singing .",good breath control throughout their singing ranges ( assessment dimensions ),and that of a robot singing in the shower ( realized,<p> The foundation of epic singing is laid unconsciously when the,have a negative attitude toward singing .,boys ' negative attitudes toward singing .,working in the areas of singing and movement with my elementary,How can he participate in singing ?,"aurally and visually , through singing , playing instruments , movement","given comments like "" nice singing "" or "" you 've",Rao looks at choral singing as an opportunity for elementary students,and the opportunity for choral singing have been lost to an,to the demise of choral singing in elementary school music programs,The overall aim of choral singing as music education is to,"In choral singing , the musical challenge is",The principles of choral singing as music education are demonstrated,"Similarly , in choral singing as music education , cognitive","<p> In choral singing , instruction develops contextually from",to demonstrate their knowledge through singing .,to the aims of choral singing as music education .,raise the general level of singing .,use in seating children for singing : We can place more,get children fully involved in singing : A song sung half-heartedly,replace the need for actual singing .,"receive no reinforcement for their singing , it will not seem",to make changes in their singing can not do it alone,the entire class sign while singing .,had unfavorable past experiences with singing .,"any one particular student 's singing , all will begin to",: by youths in the singing that marks the end of,he lay in his bed singing softly .,This connection between the trees singing and judgment is also found,heard just like somebody 's singing or something .,"Often they drink with singing , dancing , and lively",The sounds of singing or of instrument playing are,would develop improvisational skills in singing as well as reinforce the,"should be "" teachers of singing , "" not just """,hearing by the students ' singing -- they should enter on,"students to create melodies in singing , for example , by","practice , guided experience in singing is easily followed with notational","generate sounds , as in singing , and it has also",engaged in rote or traditional singing and accompanied by the karaoke,concentrate her musical efforts on singing .,were once based largely on singing ; educators now recognize that,"I requested specific singing ' ranges , specific rhythms",the animals with his graceful singing .
cop,2,into the world is through singing .,days was some occasional classroom singing .
dep,32,"and recitation , French , singing , cooking , and swimming","four universal healing salves : singing , dancing , storytelling ,","that when an individual stops singing , dancing , being enchanted","that when an individual stops singing , dancing , being enchanted","that when an individual stops singing , dancing , being enchanted",the class time and in singing for the remainder ; students,"experiment with a song , singing it very slowly , then",( 4 ) Teach singing in the general music class,and that cicadas were singing from the lignum vitae tree,also that they are not singing alone .,"For example , is singing from memory an assessment dimension","visual skills ) may be singing only , others ( perhaps",less than year-old babies ... singing merrily some baby song to,"and primp before a party singing "" Femininity "" how being","Melanesian customs ( dancing , singing , kava-drinking7 ) .","( "" That was good singing "" ) , or to",the people closest to them singing and enjoying it in order,those that need it : singing an ostinato figure or a,", singing , playing instruments ) ,",", singing , playing instruments ) ,",Especially helpful is singing the individual phrases of each,Especially helpful is singing the individual phrases of each,"in drawing , painting , singing , or moving .",", comic mimicry -- even singing .","of Thomas Aquinas , then singing some of his songs .",television crew will film her singing a hymn in church .,a shining bear skin and singing a three-word song .,does this language about trees singing praise and clapping their hands,"were celebrating and dancing , singing the children through each step","shouting , laughter , public singing , quarreling , and fighting","( beginning improvisation , solo singing , and pitch matching )","multifaceted -- involving movement , singing , improvisation , reading ,"
nmod:like,2,"given comments like "" nice singing "" or "" you 've",heard just like somebody 's singing or something .
appos,11,"nothing happens , no crazies singing , no beggars , everyone","nothing happens , no crazies singing , no beggars , everyone","nothing happens , no crazies singing , no beggars , everyone","In the process of teaching singing and dancing , Charlie Joseph","is designed to encourage public singing , one of the key","hoops decorated with flowers , singing , "" Today is a","others in mumbling conversation , singing , whispers , clapping .","others in mumbling conversation , singing , whispers , clapping .","sat on the ground , singing .","activities such as religion , singing , dancing , and art","of learning : movement , singing , and instrumental improvisation ."
conj:and,97,"torchlight parades , and step singing in the evenings , with",The music and the singing held us ; the dancing,to my pleasure in the singing and dancing .,"four universal healing salves : singing , dancing , storytelling ,","four universal healing salves : singing , dancing , storytelling ,","four universal healing salves : singing , dancing , storytelling ,","distinguished from , say , singing and dancing ) , if","arts , as well as singing and dancing have experienced a","arts , as well as singing and dancing have experienced a","In the process of teaching singing and dancing , Charlie Joseph",summer nights one can hear singing and subdued conversation until the,", drumming , and praise singing .",the class time and in singing for the remainder ; students,", following the score , singing themes , and moving.","melody should be developed through singing , playing , and writing","melody should be developed through singing , playing , and writing",college students prepare passages by singing along with the recorded solos,", ear training and sight singing , analysis , music methods",", ear training and sight singing , analysis , music methods","musical skill development ( including singing , instrument playing , and","musical skill development ( including singing , instrument playing , and","the town , dancing and singing the praises of the family",could hear the sound of singing and drumming back there .,If I heard drumming and singing out there I would stumble,"between drums , dancing , singing , and people .",we could hear drumming and singing from the peristyle of a,"and directed the dancing , singing , and drumming .","Of course the drumming and singing went on , so George",") , linking hands and singing , "" Here 's a","cloth , reminiscing and softly singing , and sharing their meal","They commenced always with singing , which quickly attracted a",and the nightly clapping and singing in the neighborhoods was symptomatic,"of "" Spain "" by singing , dancing , eating ,","of "" Spain "" by singing , dancing , eating ,","of "" Spain "" by singing , dancing , eating ,","of "" Spain "" by singing , dancing , eating ,","and a circle time for singing songs , reading stories ,","and a circle time for singing songs , reading stories ,","free and rhythmic movements , singing and vocal experimentation , instrumental","in any way possible : singing , tapping a rhythm pattern","in any way possible : singing , tapping a rhythm pattern",working in the areas of singing and movement with my elementary,"aurally and visually , through singing , playing instruments , movement",heard the loud music and singing of African drums and ritual,"Johnson and his guitar-playing subalterns singing a rasta version of ""","of dancing , drumming , singing , and clapping .",infectious ; soon everyone is singing and dancing with the procession,"International financial officials were singing Latin America 's praises ,",and how to distinguish between singing and speaking .,"of music performance , including singing and decision making .",some of their group are singing in unison and some are,the people closest to them singing and enjoying it in order,"matching , or hearing and singing a unison .",percussion instruments and speaking or singing .,"recorder , keyboard , and singing .",a rock rhythm section and singing about romantic love .,the musicians with clapping and singing .,"with special education prekindergartners ; singing , tapping beats on tambourines","with special education prekindergartners ; singing , tapping beats on tambourines",the opportunities to perform in singing and dancing and to to,the opportunities to perform in singing and dancing and to to,the opportunities to perform in singing and dancing and to to,all-night marathon of dancing and singing sacred ancestral songs .,", the community participates in singing and trance-dancing ceremonies , working",a shining bear skin and singing a three-word song .,This connection between the trees singing and judgment is also found,does this language about trees singing praise and clapping their hands,"in its own way -- singing its own song , and","Malibu hills , and gentle singing .",TABLE <p> Circle dancing and singing together did not always mean,", such as speech-making and singing , could use these unique",included Israeli folk dancing and singing of Zionist and Yiddish songs,included Zionist speakers and Israeli singing and dancing in Neighborhood Centre,included Zionist speakers and Israeli singing and dancing in Neighborhood Centre,"activities such as religion , singing , dancing , and art","activities such as religion , singing , dancing , and art","of much social life , singing , and communal cohesion .","There is singing , laughing , camaraderie ,","There is singing , laughing , camaraderie ,","There is singing , laughing , camaraderie ,","There is singing , laughing , camaraderie ,","There is singing , laughing , camaraderie ,","There is singing , laughing , camaraderie ,","in celebration by dancing , singing , feasting , playing games","Often they drink with singing , dancing , and lively","Often they drink with singing , dancing , and lively","evident in the composition and singing of a "" hymn to","( beginning improvisation , solo singing , and pitch matching )",: wavers between speaking and singing voices ; uses a limited,compared to the difference between singing and speaking voices .,"such syllables in movement , singing , and notation .",already studied through movement and singing .,"all areas -- movement , singing , instrumental study , and","sets , language , and singing .","skills such as movement , singing , listening , creating ,",", musical conducting , and singing use the body directly ,","The music , singing and dancing in Tavernas goes"
det,17,the backdrop of the drunken singing of collegians on the way,The music and the singing held us ; the dancing,to my pleasure in the singing and dancing .,Through the singing of the psalms -- musical,"listening to a peasant boy singing , he had felt a",<p> The carol singing in South Yorkshire may be,"<p> Meanwhile , the singing in the taproom has restarted",new arrivals might use the singing of established birds to locate,and that of a robot singing in the shower ( realized,perception by many boys that singing is an unmasculine activity .,This singing is performed at rites of,"seems , then , that singing in a choir gives children",most conducive to brightening the singing tone .,days was some occasional classroom singing .,: by youths in the singing that marks the end of,This connection between the trees singing and judgment is also found,"patting the beat while "" singing silently . """
nmod,3,"the body , as when singing or clapping , or with",the opportunities to perform in singing and dancing and to to,Vocal independence is gained by singing a cappella or with recorder
dobj,86,"a group of Cubans started singing a popular song , """,and old men 's homes singing the following doggerel .,"indigenous law and seeing traditional singing and dancing decline further ,","fGr their praise singing while , at the same time ,",", following the score , singing themes , and moving.","experiment with a song , singing it very slowly , then",have been forced to stop singing or playing their instrument had,"is designed to encourage public singing , one of the key","a lyrics booklet to encourage singing in the car , at","officials , is to encourage singing rather than to promote individual","recognizing educators for encouraging student singing , is among several programs","is not just a "" singing class "" and that there","of their revelry , of singing their hymn , of voicing",") , linking hands and singing , "" Here 's a","Derbyshire Peak , will be singing their local carols .",new arrivals might use the singing of established birds to locate,and the U.S. government all singing the same tune -- the,and the U.S. government all singing the same tune -- the,and the U.S. government all singing the same tune -- the,"stirred at his cavalry troops singing "" Kathleen Mavorneen , the","to practice , Minami missed singing and told me that being","and a circle time for singing songs , reading stories ,",In singing or playing a familiar tune,"and the child singing back "" My name is",students cover one ear while singing .,"describe the sensation experienced when singing different pitches ) , then","when they do n't perceive singing as a "" macho """,the Conference to promote community singing as a worthy endeavor for,heard the loud music and singing of African drums and ritual,quartet of African Americans were singing that ersatz African tune of,"Johnson and his guitar-playing subalterns singing a rasta version of """,less than year-old babies ... singing merrily some baby song to,"International financial officials were singing Latin America 's praises ,",head of the Onondaga council singing the condoling song which contained,"and primp before a party singing "" Femininity "" how being",Poets repaid this generosity by singing the praise of their benefactors,"context , students can enjoy singing with the class or group",their knowledge -- they are singing their understanding .,we will again view choral singing as something worth doing for,"or her voice , often singing about a fourth below the","Very young children learn singing , as they learn almost",the people closest to them singing and enjoying it in order,""" real kids ' "" singing is strident and out of",those that need it : singing an ostinato figure or a,those that need it : singing an ostinato figure or a,the extra energy required for singing higher pitches .,can help children avoid inaccurate singing and listen more keenly by,tuning up a class before singing a song : This involved,the pitch more accurately than singing a syllable or word .,the pitch more accurately than singing a syllable or word .,Especially helpful is singing the individual phrases of each,most conducive to brightening the singing tone .,impairment would realize they were singing off pitch through feedback from,and regular students sign while singing and play keyboard duets together,be used to accompany class singing and to create instrumental improvisations,bass lines to accompany class singing .,"When Petan heard Casimiro singing on the radio , he",( playing an instrument or singing ) .,"of Thomas Aquinas , then singing some of his songs .",", you 're out there singing it .","again and again , loudly singing old camp songs we remember",not understand what they are singing to him .,cure is then wrought by singing a curing about the relevant,a shining bear skin and singing a three-word song .,does this language about trees singing praise and clapping their hands,"in its own way -- singing its own song , and","were celebrating and dancing , singing the children through each step","context for painting , drumming singing , masking etc.",their Jewish community centers by singing Zionist anthems and hanging Zionist,included Israeli folk dancing and singing of Zionist and Yiddish songs,included Zionist speakers and Israeli singing and dancing in Neighborhood Centre,"first day , featuring German singing societies and a dazzling exhibition",The ayuntamiento usually permitted carnival singing by turning a blind eye,"shouting , laughter , public singing , quarreling , and fighting",will influence their playing or singing .,Vocal independence is gained by singing a cappella or with recorder,compared to the difference between singing and speaking voices .,but they have to practice singing with dynamic changes .,"patting the beat while "" singing silently . """,me what I am actually singing rather than their visual or,me what I am actually singing rather than their visual or,me what I am actually singing rather than their visual or,process of studying piano or singing with a chorus involves listening,audience has the possibility of singing absolutely wonderfully when their ears,"Monsieur Arthur interrupts his singing , in English , of",the songbird telencephalon to masculinize singing in the zebra finch .
nmod:while,1,the entire class sign while singing .
nmod:including,2,"After preparatory experiences , including singing , moving , and/or playing","musical skill development ( including singing , instrument playing , and"
acl:relcl,8,"They commenced always with singing , which quickly attracted a","They commenced always with singing , which quickly attracted a",accompaniment and others who are singing .,"Very young children learn singing , as they learn almost",""" real kids ' "" singing is strident and out of",""" real kids ' "" singing is strident and out of",: by youths in the singing that marks the end of,the birds which are idly singing round us mostly live on
nmod:at,3,<p> We had just finished singing at the state choral festival,Hymn singing at that time had to,Rao looks at choral singing as an opportunity for elementary students
nmod:such_as,1,", such as speech-making and singing , could use these unique"
nmod:on,3,"any one particular student 's singing , all will begin to",concentrate her musical efforts on singing .,were once based largely on singing ; educators now recognize that
root,9,( 4 ) Teach singing in the general music class,"Ambulante soy , they are singing about us . ""","For example , is singing from memory an assessment dimension",quartet of African Americans were singing that ersatz African tune of,"skinny , disheveled roosters , singing together all at once with","International financial officials were singing Latin America 's praises ,",Especially helpful is singing the individual phrases of each,", you 're out there singing it .",One night he was singing : he made Indian doctor
acl,21,Clauses and one thousand elves singing in unison .,", following the score , singing themes , and moving.","is not just a "" singing class "" and that there",could hear the sound of singing and drumming back there .,"of their revelry , of singing their hymn , of voicing","view of the mermaids , singing indeed to him , though","and the child singing back "" My name is",and a final stage of singing before a critical audience.,"of dancing , drumming , singing , and clapping .","and primp before a party singing "" Femininity "" how being","to the psychological benefits of singing in a choir , research","or her voice , often singing about a fourth below the",Frequent singing of a selected repertoire of,A wonderful added benefit of singing with this feeling of height,a crowd of four hundred singing along .,duos alternate solo and duet singing to perform songs dealing mostly,all-night marathon of dancing and singing sacred ancestral songs .,", of robins and bluebirds singing in the early morning ,",TABLE <p> Circle dancing and singing together did not always mean,compared to the difference between singing and speaking voices .,audience has the possibility of singing absolutely wonderfully when their ears
